category,service,option,price_usd,notes
Knotless Braids,Knotless Braids,X-Small,550,Hair included for all styles
Knotless Braids,Knotless Braids,Small,350,Hair included for all styles
Knotless Braids,Knotless Braids,Medium-Small,200,Hair included for all styles
Knotless Braids,Knotless Braids,Medium,150,Hair included for all styles
Knotless Braids,Knotless Braids,Large,99,Hair included for all styles
Knotless Braids,Knotless Braids,X-Large,99,Hair included for all styles
Feed-in Braids,Feed-in Braids,2 Braids,60,
Feed-in Braids,Feed-in Braids,4 Braids,65,
Feed-in Braids,Feed-in Braids,6 Braids,75,
Feed-in Braids,Feed-in Braids,8 Braids,85,
Feed-in Braids,Feed-in Braids,10 Braids,85,
Feed-in Braids,Feed-in Braids,12 Braids,95,
Braided Styles,Stitch Braids,,150,
Braided Styles,Fulani Braids,,165,
Braided Styles,Tribal Braids,,145,
Braided Styles,Boho Tribal,,200,
Add Ons,Butt Length,,150,
Add Ons,Thigh Length,,100,
Add Ons,Knee Length,,100,
Add Ons,Any Design,,75,
